<?xml version="1.0" encoding="UTF-8"?>
<project-private xmlns="http://www.netbeans.org/ns/project-private/1">
    <editor-bookmarks xmlns="http://www.netbeans.org/ns/editor-bookmarks/2" lastBookmarkId="0"/>
    <open-files xmlns="http://www.netbeans.org/ns/projectui-open-files/2">
        <group>
            <file>file:/C:/wamp/www/TD_Grauss/class/Contrat.class.php</file>
            <file>file:/C:/wamp/www/TD_Grauss/autoload.inc.php</file>
            <file>file:/C:/wamp/www/TD_Grauss/class/Client.class.php</file>
            <file>file:/C:/wamp/www/TD_Grauss/index.php</file>
            <file>file:/C:/wamp/www/TD_Grauss/class/Grade.class.php</file>
            <file>file:/C:/wamp/www/TD_Grauss/class/Intervention.class.php</file>
            <file>file:/C:/wamp/www/TD_Grauss/class/Employe.class.php</file>
        </group>
    </open-files>
</project-private>
